litra	litr
sekundach	sekunda
Sen.	Sen.
siostra	siostra
byłego	były
metrów	metr
wieku	wiek
ojca	ojciec
pages	page
ego.	ego.
sobota	sobota
sobota	sobota
wieku	wiek
godzina	godzina
T.  między innymi	T.  między innymi
języka	język
godzinę	godzina
Re.	Re.
kul.	kul.
godzinę	godzina
pełniącego obowiązki dyrektora	pełniący obowiązki dyrektor
wieku	wiek
pana	pan
środa	środa
godzinę	godzina
sobota	sobota
IV.  Liga.	IV.  Liga.
pan	pan
wieku	wiek
ojciec	ojciec
miliona	milion
strona	strona
pana	pan
na przykład MPK.	na przykład MPK.
środa	środa
ojciec	ojciec
metry	metr
Pułkownik	pułkownik
języka	język
sobota	sobota
jeziora	jezioro
CoV.	CoV.
spółki	spółka
F.  spółka	F.  spółka
domu	dom
mył.	mył.
tysięcy uli.	tysiąc uli.
sala	sala
strona	strona
wieku	wiek
sobota	sobota
lata	rok
ile.	ile.
wieku	wiek
godzinę	godzina
s.	s.
Bit.	Bit.
sobota	sobota
pana	pan
Oy.	Oy.
godzina	godzina
fan.	fan.
godzina	godzina
miasto	miasto
byłego	były
godzina	godzina
sto.	sto.
pana	pan
ojca	ojciec
koło	koło
metrów	metr
ojciec	ojciec
akant	akant
matki	matka
gatunek	gatunek
były	były
wiersz; werset	wiersz; werset
mąk.	mąk.
ge.	ge.
dyrektor	dyrektor
pan	pan
w.	w.
były	były
metrze	metr
godzina	godzina
syn.	syn.
sobota	sobota
były	były
niedziela	niedziela
domu	dom
ojciec	ojciec
tonę	tona
ojciec	ojciec
pan	pan
niedziela	niedziela
miastem	miasto
panu	pan
pan	pan
Anno Domini	Anno Domini
do spraw	do spraw
miejsce	miejsce
świętej siostry	święty siosta
Ministrem T.	minister T.
państwo	państwo
pani	pani
z ograniczoną odpowiedzialnością	z ograniczoną odpowiedzialnością
pum.	pum.
tysięcy lat	tysiąc rok
sobota	sobota
sobota	sobota
sobota	sobota
byłego	były
na przykład lisy.	na przykład lisy.
niedziela	niedziela
Mrs.	Mrs.
godzinę	godzina
sala	sala
sku.	sku.
ojców	ojciec
wiecznego	wieczny
wieku	wiek
przeciw; przeciwko	przeciw; przeciwko
bać.	bać.
wód.	wód.
pan	pan
medycyny	medycyna
przez płotki	przez płotki
ojciec	ojciec
niedziela	niedziela
godzinę	godzina
godzinę	godzina
godzinę	godzina
lat	rok
języku	język
miejscowości	miejscowość
linia	linia
miesiąca	miesiąc
Koj.	Koj.
ojca	ojciec
niedziela	niedziela
metra	metr
Ani.	Ani.
Max.	Max.
strona	strona
godzinie	godzina
koło	koło
ojciec	ojciec
metry	metr
metry	metr
sobota	sobota
jam.	jam.
Imp.	Imp.
ciąg dalszy	ciąg dalszy
metra	metr
imienia profesora W.	imię profesor W.
między innymi	między innymi
były	były
bieżącego roku	bieżący rok
tonę	tona
tonę	tona
godzina	godzina
godzina	godzina
byłego	były
los.	los.
pana	pan
godzina	godzina
TPl.	TPl.
sobota	sobota
pojemności	pojemność
wieku	wiek
Ula.	Ula.
sobota	sobota
ton	tona
wymienionych	wymieniony
byłą	były
wieku	wiek
ojciec	ojciec
net.	net.
xyz.	xyz.
imienia Księdza	imię ksiądz
syna	syn
sobota	sobota
godzinę	godzina
ojca	ojciec
godzinę	godzina
paragraf	paragraf
sobota	sobota
baryłkę	baryłka
godzinę	godzina
ojcu	ojciec
dawniej	dawniej
ton	tona
tysięcy osób	tysiąc osoba
wysokości	wysokość
przeciw; przeciwko	przeciw; przeciwko
pan	pan
godzinę	godzina
k.	k.
fog.	fog.
niedziela	niedziela
niedziela	niedziela
imienia	imię
godzinę	godzina
siostra	siostra
byłego	były
nie.	nie.
baryłkę	baryłka
koron	korona
metr	metr
ton	tona
miliona ton.	milion ton.
Nóż.	Nóż.
języku	język
przez	przez
lot.	lot.
godzina	godzina
pani	pani
wić.	wić.
pani	pani
rondo	rondo
pan	pan
kategorii open.	kategoria open.
wieku	wiek
porównaj między innymi	porównać między innymi
pani	pani
pana	pan
węzła	węzeł
Lee.	Lee.
milimetrów Temperatura maksymalna	milimetr temperatura maksymalny
kodeksu karnego	kodeks karny
godzinę	godzina
strony	strona
niedziela	niedziela
ojciec	ojciec
ojciec	ojciec
plac	plac
Opa.	Opa.
litr	litr
po.  godzinie	po.  godzina
mieście	miasto
Południowym	południowy
godzinach	godzina
b.	b.
bieżących	bieżący
dawnego	dawny
miesięcy	miesiąc
dawniej	dawniej
pages	page
tonę	tona
tonę	tona
ją.	ją.
imienia Ojca	imię ojciec
paragraf	paragraf
godzinę	godzina
sekundy	sekunda
karne	karny
godzinę	godzina
godzinę	godzina
x.	x.
pan	pan
środa	środa
bao.	bao.
Ola.	Ola.
tonę	tona
punktem	punkt
godzina	godzina
kąt.	kąt.
kur.	kur.
wysokimi	wysoki
ojciec	ojciec
metrów	metr
ojca	ojciec
sobota	sobota
metrów	metr
ojciec	ojciec
były	były
a.	a.
ojciec	ojciec
generał dywizji	generał dywizja
byłego	były
ton	tona
ojciec	ojciec
metrów	metr
niedziela	niedziela
minut	minuta
ser.	ser.
wieku	wiek
nic.	nic.
godzina	godzina
sobota	sobota
pages	page
godzinę	godzina
honorowego	honorowy
ojciec	ojciec
ulica	ulica
budżet	budżet
ojca	ojciec
dal.	dal.
sobota	sobota
sobota	sobota
Day.	Day.
do spraw PZU.	do spraw PZU.
generała	generał
ojca	ojciec
pana	pan
niedziela	niedziela
byłego	były
ojca	ojciec
godzina	godzina
między innymi kina.	między innymi kina.
werset	werset
sobota	sobota
niedziela	niedziela
godzinę	godzina
b.	b.
metry	metr
kodeksu	kodeks
pomoc	pomoc
Hel.  telefon	Hel.  telefon
miasta	miasto
ojca	ojciec
ojca	ojciec
owe.	owe.
niedziela	niedziela
II.  miejsce	II.  miejsce
Arcybiskup	arcybiskup
metra	metr
dawny	dawny
pani	pani
Bił.	Bił.
imienia profesora	imię profesor
i.	i.
godzina	godzina
Zło.	Zło.
strony	strona
księdza doktora	ksiądz doktor
tki.	tki.
godzinę	godzina
sekundę	sekunda
środa	środa
dawne	dawny
articulus; article	articulus; article
sobota	sobota
wybory	wybory
pani	pani
do spraw	do spraw
punktu procentowego	punkt procentowy
punkt	punkt
osiedla	osiedle
wieś [?]	
no.	no.
kły.	kły.
byłego	były
wał.	wał.
godzinę	godzina
zmarła około	zmarły około
werset	werset
Pęk.	Pęk.
ław.	ław.
godzin	godzina
niedziela	niedziela
Ląd.	Ląd.
poniedziałek godzina	poniedziałek godzina
ale.	ale.
były	były
ojca	ojciec
baryłkę	baryłka
ojcem	ojciec
panu	pan
tak zwane kozy.	tak zwany kozy.
strona	strona
dziennie	dziennie
ubiegłego roku Na przykład	ubiegły rok na przykład
c.	c.
ojca	ojciec
były	były
serii	seria
byłej	były
ojciec	ojciec
przed naszą erą	przed naszą erą
pan	pan
tła.	tła.
gramów	gram
węzłów	węzeł
firma	firma
ge.	ge.
mikrogramów	mikrogram
wieku	wiek
ojca	ojciec
mu.	mu.
dawne	dawny
godzina	godzina
atmosfer fizycznych	atmosfera fizyczna
ojciec	ojciec
pułkownikiem doktorem nauk medycznych	pułkownik doktor nauk medycznych
byłego	były
były	były
ojcem	ojciec
księdza profesora	ksiądz profesor
byłemu	były
ojciec	ojciec
ojciec	ojciec
ojciec	ojciec
Goi.	Goi.
ojciec	ojciec
tv.	tv.
byłemu	były
z.	z.
pan	pan
pan	pan
ulica	ulica
RP.  Artykuł	RP.  artykuł
urn.	urn.
sobota	sobota
sobota	sobota
łba.	łba.
gór.	gór.
raport NIK.	raport NIK.
pana	pan
bardzo dobry	bardzo dobry
imienia księżnej	imię księżna
Cię.	Cię.
pana	pan
metra	metr
godzinę	godzina
sala	sala
strona	strona
pan, premier	pan, premier
wieku	wiek
z.	z.
pan	pan
państwa	państwo
państwa	państwo
byłego	były
godzina	godzina
środa	środa
środa	środa
Gigaherca	gigaherc
tonę	tona
tonę	tona
były	były
ojca	ojciec
ojca	ojciec
wieku	wiek
Volume	volume
miasto	miasto
sobota	sobota
godzina	godzina
godzina	godzina
Gol.	Gol.
bał.	bał.
godzina	godzina
odcinku ulica	odcinek ulica
syna	syn
godzinę	godzina
sobota	sobota
miasto	miasto
miasto	miasto
fotografia archiwalna	fotografia archiwalna
ojciec	ojciec
sekundę	sekunda
byłą	były
baryłkę	baryłka
godzinę	godzina
mię.	mię.
noc.	noc.
wiekiem	wiek
tysięcy aut	tysiąc auto
godzinie	godzina
ćmy.	ćmy.
panem	pan
ojciec	ojciec
Re.	Re.
dolara	dolar
sekund	sekunda
roku	rok
roku ksiądz	rok ksiądz
opiekun pani	opiekun pani
godzinę	godzina
błogosławionego	błogosławiony
wieku	wiek
byłego	były
środa	środa
środa	środa
bić.	bić.
sobota	sobota
lat	rok
strona	strona
Ksiądz infułat	ksiądz infułat
dziennie	dziennie
dziennie	dziennie
ojciec	ojciec
sekundę	sekunda
godzina	godzina
rozdział	rozdział
niedziela	niedziela
ła.	ła.
Na przykład	na przykład
ojciec	ojciec
tom	tom
niedziela	niedziela
sobota	sobota
pan	pan
ojciec	ojciec
litra	litr
ram.	ram.
tysięcy słów.	tysiąc słów.
roku	rok
dziennie	dziennie
sobota	sobota
dolarów amerykańskich	dolar amerykański
sędziowie	sędzia
f.	f.
godzina	godzina
ład.	ład.
Men.	Men.
byłego	były
Urodzony	urodzony
niedziela	niedziela
niedziela	niedziela
ras.	ras.
metrów	metr
punktu	punkt
tom	tom
metrów	metr
były	były
ojciec	ojciec
do spraw	do spraw
niżej wymienionych	niżej wymieniony
językiem	język
roku	rok
piątek godzina	piątek godzina
rei.	rei.
wieku	wiek
Li.	Li.
dawna	dawny
procentowego	procent
niedziela	niedziela
pana	pan
niedziela	niedziela
jar.	jar.
metra	metr
godzina	godzina
niedziela	niedziela
żar.	żar.
pani	pani
godzina	godzina
świętej pamięci	świętej pamięci
sobota	sobota
naj.	naj.
imienia profesora W.	imię profesor W.
metrów	metr
strona	strona
ojcu	ojciec
przez płotki	przez płotki
między innymi	między innymi
wieku	wiek
dziennie	dziennie
byłego	były
Ad.	Ad.
c.	c.
ubiegłego roku Na przykład	ubiegły rok na przykład
metrów	metr
nad	nad
Ono.	Ono.
Tv.	Tv.
niedziela	niedziela
niedziela	niedziela
Et cetera	et cetera
ojciec	ojciec
wieku	wiek
języka	język
państwo	państwo
byłego	były
sobota godzina	sobota godzina
wieku	wiek
godzinę	godzina
doktora habilitowanego nauk medycznych	doktor habilitowany nauki medyczne
ile.	ile.
metrów; marca	metr, marzec
godzina	godzina
ojca	ojciec
w sprawie tak zwanej	w sprawie tak zwany
sala	sala
f.	f.
Hiv.	Hiv.
nóg.	nóg.
day.	day.
ojciec	ojciec
jamy	jama
godzinę	godzina
lag.	lag.
ksiądz infułat	ksiądz infułat
miejsce	miejsce
strona	strona
leń.	leń.
ojciec	ojciec
kultura	kultura
sobota	sobota
sobota	sobota
doktorka nauk medycznych	doktorka nauk medycznych
ojca	ojciec
piętro	piętro
dawna	dawny
ojciec	ojciec
godzinę	godzina
bzu.	bzu.
nut.	nut.
wieczny	wieczny
ojciec	ojciec
w sprawie VAT.	w sprawie VAT.
jeziorze	jezioro
pełniący	pełniący
ców.	ców.
t.	t.
sobota	sobota
węzeł	węzeł
pages	page
sobota	sobota
pana	pan
rozdział	rozdział
środa	środa
xD.	xD.
sobota	sobota
dawnym	dawny
paragraf	paragraf
godzinę	godzina
ojciec	ojciec
koło	koło
metrze	metr
godzinę	godzina
Vat.	Vat.
n.	n.
strona	strona
sekundy	sekunda
niedziela	niedziela
niedziela	niedziela
rąk.	rąk.
litrów	litr
godzinie	godzina
Sny.	Sny.
Top.	Top.
reżyseria	reżyseria
niedziela	niedziela
groszy	grosz
tonę	tona
ojca	ojciec
miejsce	miejsce
godzinę	godzina
metra	metr
niedziela godzina	niedziela godzina
ojciec	ojciec
boisko	boisko
miasto	miasto
metrów kwadratowych	metr kwadratowy
dawniej	dawniej
wieku na przykład	wiek na przykład
raf.	raf.
sióstr	siostra
ton	tona
ton	tona
ojciec	ojciec
pokoju	pokój
metrów	metr
bia.	bia.
żywność	żywność
godzinę	godzina
były	były
panie	pan
karne	karny
ojciec	ojciec
w.	w.
mpk.	mpk.
tony	tona
ojciec	ojciec
pod wezwaniem świętego	pod wezwaniem święty
oku.	oku.
chu.	chu.
między innymi USA.	między innymi USA.
ojciec	ojciec
godzinę	godzina
byłego ZSRR.	były ZSRR.
sekundę	sekunda
sobota	sobota
sobota	sobota
niedziela	niedziela
godzina	godzina
dom.	dom.
godzina	godzina
między innymi dyrektor	między innymi dyrektor
Cam.	Cam.
latach	rok
miasto	miasto
ojciec	ojciec
Avy.	Avy.
maksymalnie	maksymalnie
wieku	wiek
łacińskiego	łaciński
wieku	wiek
strona	strona
sobota	sobota
ojciec	ojciec
koron	korona
ojciec	ojciec
zamieszkanie	zamieszkanie
do spraw	do spraw
rób.	rób.
ę.	ę.
pani	pani
imienia	imię
wewnętrzny	wewnętrzny
wydanie niemieckie	wydanie niemiecki
były	były
sobota	sobota
metrów	metr
rondo	rondo
godzina	godzina
metrów	metr
metr kwadratowy	metr kwadratowy
lat	rok
tonę	tona
były	były
niedziela	niedziela
niedziela	niedziela
ojciec	ojciec
siostrę	siostra
świętego	święty
jaj.	jaj.
Ben.	Ben.
wieku	wiek
strony	strona
łąk.	łąk.
kwartale ubiegłego roku	kwartał ubiegły rok
jad.	jad.
bób.	bób.
miasta	miasto
mur.	mur.
kac.	kac.
tonę	tona
niedziela	niedziela
miasta stołecznego	miasto stołeczny
pani	pani
niedziela	niedziela
ojca	ojciec
pułku strzelców	pułk strzelcy
języka	język
wieku	wiek
wieku	wiek
wieku	wiek
godzinę	godzina
pana	pan
wydawnictwo	wydawnictwo
Święty	święty
ojciec	ojciec
karny	karny
ojciec	ojciec
siostra	siostra
metra	metr
roku	rok
niedziela	niedziela
niedziela	niedziela
dziennie	dziennie
kilowatów [?]	kilowat [?]
godzina	godzina
i tak dalej i tym podobne	i tak dalej i tym podobne
rondzie	rondo
go.	go.
niedziela	niedziela
niedziela	niedziela
Roy.	Roy.
metra	metr
księdza	ksiądz
wieku	wiek
godzina	godzina
godzina	godzina
według	według
godzinę	godzina
pana	pan
niedziela	niedziela
godzina	godzina
Lem.	Lem.
byłemu	były
zku.	zku.
wersety	werset
ojciec	ojciec
rondzie	rondo
gramy	gram
syna	syn
godzina	godzina
metra	metr
około godziny	około godzina
były	były
metrze	metr
między innymi	między innymi
mieście	miasto
herbu	herb
pełniący obowiązki dyrektor	pełniący obowiązki dyrektor
Pan.	Pan.
sól.	sól.
sobota	sobota
tysięcy użyć.	tysiąc użyć
byłego	były
wojewódzki	województwo
owi.	owi.
Foc.	Foc.
metrów	metr
ojciec	ojciec
byłego	były
gmina	gmina
redaktor	redaktor
ojców	ojciec
sobota	sobota
godzinę	godzina
bieżącego roku	bieżący rok
między innymi profesor	między innymi profesor
mac.	mac.
strona	strona
wieku	wiek
masy	masa
masy	masa
roku	rok
godzinie	godzina
bieżącego roku profesor	bieżący rok profesor
aleję	aleja
pan	pan
Pozycja	pozycja
Sz.	Sz.
strona	strona
tysięcy świń.	tysiąc świń.
wieku	wiek
a.	a.
była	były
niedziela	niedziela
wc.	wc.
miejscowościach	miejscowość
tysięcy kilometrów	tysiąc kilometr
wtorek	wtorek
pił.	pił.
niedziela	niedziela
niedziela	niedziela
budżet	budżet
budżet	budżet
była	były
godziny	godzina
ojca	ojciec
sobota	sobota
sobota	sobota
dotyczącej ulicy	dotyczący ulica
reżyseria	reżyseria
wieku	wiek
pana	pan
pana	pan
byłego	były
były	były
na przykład	na przykład
imienia Kapitana	imię kapitan
Nic.	Nic.
święty	święty
przewodu	przewód
wieku	wiek
wieś [?]	
godzina	godzina
godzina	godzina
net.	net.
ksiądz redaktor	ksiądz redaktor
między innymi były	między innymi były
godzinę	godzina
strony	strona
baryłkę	baryłka
strona	strona
kilowatopika	kilowatopik
muł.	muł.
l.	l.
jeziorze	jezioro
niedziela	niedziela
sobota	sobota
metrów	metr
dotyczący byłego	dotyczyć były
tysięcy sztuk	tysiąc sztuka
wieku	wiek
niedziela	niedziela
godzina	godzina
ore.	ore.
strony	strona
sobota	sobota
panu	pan
syn	syn
lóż.	lóż.
koło	koło
starszy chorąży	starszy chorąży
piłką	piłka
dawna	dawny
strona	strona
moc.	moc.
świętą kardynał	święty kardynał
siostrą	siostra
imienia księdza	imię ksiądz
Nóż.	Nóż.
dotyczące PKB.	dotyczyć PKB.
jej.	jej.
między innymi świętą	między innymi święty
wieku	wiek
metra	metr
godzinę	godzina
sala	sala
versus	versus
godzinę	godzina
godzinę	godzina
miasta	miasto
emo.	emo.
niedziela	niedziela
Emi.	Emi.
pani, premier	pani; premier
sędziego	sędzia
siostrą	siostra
węzeł	węzeł
w.	w.
inżyniera	inżynier
rondo	rondo
rondo	rondo
godzina	godzina
tysięcy osób Na przykład	tysiąc osoba na przykład
lak.	lak.
i tak dalej; et cetera	i tak dalej; et cetera
tonę	tona
Ole.	Ole.
stopni Celsiusza	stopień Celsiusz
miejscowości	miejscowość
erą.	erą.
środa	środa
środa	środa
pana	pan
sobota	sobota
litrów	litr
ojca	ojciec
A.  między innymi	A.  między innymi
Ewą.	Ewą.
postscriptum	postscriptum
dawniej	dawniej
ojca	ojciec
imienia kardynała	imię kardynał
bieżących	bieżący
dziennie	dziennie
języki	język
tony	tona
redakcja	redakcja
sobota	sobota
Dnia	dzień
Sex.	Sex.
zobacz strony	zobacz strona
metra	metr
Na przykład	na przykład
metrów	metr
metra	metr
tu.	tu.
u.	u.
ojciec	ojciec
sobota	sobota
sobota	sobota
sobota	sobota
pan.	pan.
godzina	godzina
strona	strona
Lab.	Lab.
pana	pan
strona	strona
wieku	wiek
godzina	godzina
ojciec	ojciec
wiek	wiek
ojciec	ojciec
ojca	ojciec
Mag.	Mag.
siostry	siostra
ą.	ą.
żądanie	żądanie
pana	pan
sobota	sobota
ojca	ojciec
ulica	ulica
tysiąca egzemplarzy	tysiąc egzemplarz
raf.	raf.
pan	pan
metry	metr
godzinę	godzina
miasto	miasto
doktora habilitowanego inżyniera architekta	doktor habilitowany inżynier architekt
Doktora	doktor
panu	pan
dawnym	dawny
tonę	tona
snu.	snu.
ojca	ojciec
niedziela	niedziela
ojca	ojciec
język	język
stopni	stopień
rocznicę [?]	
ą.	ą.
w sprawie tak zwanej	w sprawie tak zwany
strony	strona
godzinę	godzina
godzinę	godzina
hop.	hop.
pan, premier	pan, premier
ulica	ulica
siostry	siostra
koło	koło
godzinę	godzina
tysiąca słów.	tysiąc słów.
panem	pan
metrowe	metr
kierunek	kierunek
godzinę	godzina
ków.	ków.
godzinę	godzina
ojca	ojciec
rocznik	rocznik
panu	pan
kalmia	kalmia
ków.	ków.
ubiegłego roku.	ubiegły roku.
kolumna	kolumna
kolumna	kolumna
versus	versus
środa	środa
środa	środa
węzeł	węzeł
honorowy	honorowy
IfZ.	IfZ.
ubiegłego roku	ubiegły rok
lekarz dentysta	lekarz dentysta
werset	werset
metrów	metr
godzina	godzina
win.	win.
zło.	zło.
habilitowany Z.	habilitowany Z.
przez	przez
niedziela	niedziela
niedziela	niedziela
miejscu	miejsce
Hmm.	Hmm.
c.	c.
ek.	ek.
tło.	tło.
b.	b.
niedziela	niedziela
ojcu	ojciec
przed naszą erą	przed naszą erą
a.  Fotografia	a.  Fotografia
suchej masy	sucha masa
godzinę	godzina
godzinę	godzina
byłego	były
dnia	dzień
strona	strona
pana	pan
ojcu	ojciec
lat.  A.	lat.  A.
niedziela	niedziela
mas.	mas.
dawniej	dawniej
ojcem	ojciec
niedziela	niedziela
sobota	sobota
ojciec	ojciec
wak.	wak.
Igę.	Igę.
dorosłym	dorosły
godzina	godzina
koło	koło
ojciec	ojciec
articulus; article	articulus; article
a.	a.
metra	metr
pani	pani
siostrą	siostra
święty	święty
dawne	dawny
godzinę	godzina
metrze	metr
Sen.	Sen.
ojca	ojciec
wsią	wieś
fotografia	fotografia
niedziela	niedziela
bok.	bok.
strona	strona
j.	j.
cum.	cum.
ojca	ojciec
niedziela	niedziela
węzeł	węzeł
dawną	dawny
alei	aleja
dziennie	dziennie
metrów	metr
jak wyżej	jak wyżej
litrów	litr
roku pod tytułem	rok pod tytułem
wieku	wiek
pan	pan
lata	rok
dawnych	dawny
Urodzony	urodzony
ojców	ojciec
złe.	złe.
ojca	ojciec
żle.	żle.
muł.	muł.
bieżącego	bieżący
bieżącego	bieżący
godzinę	godzina
Gór.	Gór.
piątek godzina	piątek godzina
sekundy	sekunda
matka	matka
miastem	miasto
między innymi generał	między innymi generał
godzinę	godzina
wewnętrzny	wewnętrzny
regularna	regularny
sobota	sobota
tysięcy metrów kwadratowych versus	tysiąc metr kwadratowy versus
byłego	były
łby.	łby.
metry	metr
bieżącego roku ksiądz	bieżący rok ksiądz
roku	rok
metra	metr
tonę	tona
pani	pani
pan	pan
Ola.	Ola.
wieku	wiek
ojciec	ojciec
ojciec	ojciec
ojciec	ojciec
godzinę	godzina
o.	o.
sala	sala
sala	sala
metrów	metr
Główny	główny
d.	d.
tonę	tona
matka	matka
bać.	bać.
ton	tona
byłego	były
Dwa.	Dwa.
były	były
SiG.	SiG.
Pac.	Pac.
sal.	sal.
sekundę	sekunda
doktor inżynier	doktor inżynier
cła.	cła.
grama	gram
były	były
były	były
były	były
panem	pan
miesiąca	miesiąc
godzina	godzina
c.	c.
jeziorze	jezioro
To znaczy	to znaczy
niedziela	niedziela
dur.	dur.
Eliminacje	eliminacje
miliardów	miliard
gramów	gram
godziny	godzina
pan	pan
metra	metr
kapitan	kapitan
kopalni	kopalnia
piętrze	piętro
niedziela	niedziela
kun.	kun.
Fru.pl.	Fru.pl.
pan	pan
ojca	ojciec
strona	strona
mpk.	mpk.
Moc.	Moc.
miasta	miasto
pan	pan
blues	blues
ojciec	ojciec
ra.	ra.
miejsce	miejsce
godzinę	godzina
byłego	były
do spraw tak zwanej	do sprawy tak zwany
miejscowość	miejscowość
sobota	sobota
sobota	sobota
siostra	siostra
page	page
matki	matka
bił.	bił.
metrów	metr
państwa	państwo
papieża	papież
imienia MSW.	imię MSW.
sytuacja	sytuacja
d.	d.
były	były
matka	matka
punktu procentowego	punkt procentowy
baryłkę	baryłka
punktu procentowego	punkt procentowy
księdza biskupa	ksiądz biskup
Cam.	Cam.
dziennie	dziennie
ojca	ojciec
godzinę	godzina
pseudonim	pseudonim
metra	metr
metra	metr
łzy.	łzy.
rondo	rondo
niedziela	niedziela
e.	e.
kolegę	kolega
sobota	sobota
roku	rok
sekundę	sekunda
tysięcy dolarów	tysiąc dolar
j.	j.
pana	pan
ojca	ojciec
ojciec	ojciec
byłego	były
godzina	godzina
litra	litr
Ben.	Ben.
strona	strona
samobójcza	samobójcza
metrów	metr
godzinę	godzina
godzinę	godzina
środa	środa
lat	rok
byli	były
ojca	ojciec
kodeksu	kodeks
godzina	godzina
karne	karny
wiecznego	wieczny
godzina	godzina
godzina	godzina
Telefon komórkowy	telefon komórkowy
oto.	oto.
sobota	sobota
pana	pan
strona	strona
ojciec	ojciec
środa	środa
ojciec	ojciec
spółka z ograniczoną odpowiedzialnością	spółka z ograniczoną odpowiedzialnością
metrów	metr
godzina	godzina
godzina	godzina
ru.	ru.
serii	seria
fotografia	fotografia
sań.	sań.
żle.	żle.
miasto	miasto
dziennie	dziennie
tonę	tona
zajezdnia	zajezdnia
niedziela	niedziela
mieszkania	mieszkanie
były	były
ojciec	ojciec
strona	strona
byłym	były
pan	pan
naszej ery	naszej ery
byłej	były
metra	metr
niedziela	niedziela
dawny	dawny
ojciec	ojciec
fabularny	fabularny
metrów	metr
ksiądz kardynał	ksiądz kardynał
bardzo	bardzo
Senator	senator
ograniczoną	ograniczony
zeszyt	zeszyt
sobota godzina	sobota godzina
godzinę	godzina
godzinę	godzina
byłym	były
metra	metr
środa	środa
bardzo	bardzo
rocznica [?]	
ksiądz redaktor	ksiądz redaktor
pana	pan
godzina	godzina
a.	a.
dnia	dzień
e.	e.
a.	a.
Szanowny Panie	szanowny pan
węzeł	węzeł
boa.	boa.
pan	pan
ć.	ć.
godzinę	godzina
lata	rok
ć.	ć.
metrów	metr
sań.	sań.
były	były
serii	seria
węzeł	węzeł
ojciec	ojciec
dziennie	dziennie
ojciec	ojciec
punkty procentowe	punkt procentowy
sekund	sekunda
wieku	wiek
ojca	ojciec
car.	car.
język	język
dotyczy między innymi	dotyczyć między innymi
Egg.	Egg.
byłego	były
baryłkę	baryłka
byłego	były
pot.	pot.
wewnętrzny	wewnętrzny
sobota	sobota
metrów	metr
ojciec	ojciec
sala	sala
noc.	noc.
dotyczącej byłego	dotyczyć były
sekundę	sekunda
versus	versus
e.	e.
Re.	Re.
Ney.	Ney.
godzinach	godzina
się.	się.
panem	pan
półroczu	półrocze
godzinę	godzina
półroczu	półrocze
niedziela	niedziela
niedziela	niedziela
niedziela	niedziela
Mu.	Mu.
niedziela	niedziela
imienia komandora doktora habilitowanego inżyniera	imię komandor doktor habilitowany inżynier
dag.	dag.
ojciec	ojciec
litra	litr
metrów	metr
pracy	praca
panem	pan
ojciec	ojciec
War.	War.
baryłkę	baryłka
Gil.	Gil.
metrów	metr
była	były
były	były
kopalni	kopalnia
centralnego	centralny
młodszy kapitan	młodszy kapitan
hortensja	hortensja
godzina	godzina
metrów	metr
log.	log.
ojciec	ojciec
ład.	ład.
nin.	nin.
tle.	tle.
niedziela	niedziela
niedziela	niedziela
godzina	godzina
godzina	godzina
były	były
ojciec	ojciec
niedziela	niedziela
była	były
węzła	węzeł
pęd.	pęd.
sąd.	sąd.
strony	strona
cud.	cud.
starszy wykładowca	starszy wykładowca
kategorii open.	kategoria open.
godzina	godzina
godzina	godzina
złotych	złoty
po polsku	po polsku
były	były
rad.	rad.
karne	karny
ć.	ć.
dawnym	dawny
godzinę	godzina
inżynier	inżynier
ViP.	ViP.
ojca	ojciec
się.  K.	się.  K.
godzinę	godzina
języka	język
gmina	gmina
środa	środa
niedziela	niedziela
ograniczoną odpowiedzialnością	ograniczoną odpowiedzialnością
byłego	były
wąs.	wąs.
raj.	raj.
miejscowości	miejscowość
ubiegłego roku dwa.	ubiegłego roku dwa.
kierunek	kierunek
godzinę	godzina
siostry	siostra
kodeksu karnego	kodeks karny
sekundę	sekunda
na przykład pułkownika	na przykład pułkownik
a.	a.
byłemu	były
ojca	ojciec
ojciec	ojciec
To jest między innymi	to jest między innymi
między innymi	między innymi
miejscowości	miejscowość
kwartale bieżącego roku	kwartał bieżący rok
Se.pl.	Se.pl.
cka.	cka.
błogosławionej	błogosławiony
ojca	ojciec
wieku naszej ery	wiek nasza era
rondo	rondo
baryłkę	baryłka
pana	pan
metrów	metr
godzina	godzina
Rum.	Rum.
c.	c.
wikary parafii	wikary parafia
jak wyżej	jak wyżej
Dnia	dzień
Generał	generał
tvn.pl.	tvn.pl.
myć.	myć.
sobota	sobota
godzinę	godzina
metrach	metr
sobota	sobota
Ja.	Ja.
niedziela	niedziela
wyrok	wyrok
dał.	dał.
niedziela	niedziela
niedziela	niedziela
między innymi tory	między innymi tory
pułk	pułk
litr	litr
punktów bazowych	punkt bazowy
spraw	sprawa
bmv.	bmv.
litr	litr
roku błogosławiona	rok błogosławiony
wiecznym	wieczny
godzinę	godzina
z.	z.
godzinę	godzina
ojciec	ojciec
syn	syn
były	były
cytat	cytat
punktu procentowego	punkt procentowy
Ole.	Ole.
ojca	ojciec
sobota	sobota
byłego	były
versus	versus
doktora inżyniera architekta	doktor inżynier architekt
mostem	most
pan	pan
pani	pani
St.	St.
połowy; półrocza	połowa; półrocze
sobota	sobota
biuletynu informacji publicznej	biuletyn informacji publicznej
pan	pan
kultura	kultura
doktora S.	doktor S.
pani	pani
tony	tona
strona	strona
po duńsku	po duńsku
sędziowie	sędzia
dziennie	dziennie
versus	versus
Rig.	Rig.
bał.	bał.
godzina	godzina
godzina	godzina
miejsce	miejsce
dawniej	dawny
środa	środa
ojca	ojciec
godzinę	godzina
sekundy	sekunda
p.	p.
kilogramów	kilogram
sobota	sobota
sobota	sobota
c.	c.
Lip.	Lip.
sobota	sobota
pan	pan
po.  godzinie	po.  godzina
ksiądz W.	ksiądz W.
sobota	sobota
pana	pan
owe.	owe.
jaw.	jaw.
ujęciu	ujęcie
sekundy	sekunda
metrów	metr
imienia	imię
pana	pan
metrów	metr
porównaj święty	porównać święty
niedziela	niedziela
niedziela	niedziela
niedziela	niedziela
niedziela	niedziela
niedziela	niedziela
akciova	akciova
kąt.	kąt.
jam.	jam.
n.	n.
niedziela	niedziela
niedziela	niedziela
metrów	metr
Oy.	Oy.
metrów	metr
wersji	wersja
pana	pan
sobota	sobota
miasto	miasto
byłego	były
Artykuł	artykuł
tonę	tona
miejsce	miejsce
miesiąca	miesiąc
wewnętrzny	wewnętrzny
około tysiąca	około tysiąc
zmarły około	zmarły około
ojca	ojciec
godzinę	godzina
godzinę	godzina
godzina	godzina
była	były
wieku	wiek
byłych	były
dawnych	dawny
it.	it.
panem	pan
metrze	metr
godzina	godzina
sobota	sobota
byłego	były
bieżącego	bieżący
rój.	rój.
pana	pan
dziennie	dziennie
siostra	siostra
metrach	metr
stopni Celsiusza	stopień Celsiusz
ojciec	ojciec
NK.pl.	NK.pl.
warsztaty	warsztat
niedziela	niedziela
około godziny	około godzina
metrów	metr
byłej	były
panie	pan
sobota	sobota
dni.	dni.
tonę	tona
ojciec	ojciec
godzinę	godzina
ojciec	ojciec
w sprawie doktora	w sprawie doktor
wieku	wiek
sobota	sobota
sobota	sobota
sobota	sobota
miejscowości	miejscowość
paulownia	paulownia
godzina	godzina
strony	strona
metra	metr
pani	pani
niedziela	niedziela
ona.	ona.
mąk.	mąk.
godziną	godzina
d.	d.
niedziela	niedziela
niedziela	niedziela
firmy	firma
metrów	metr
godzina	godzina
niedziela	niedziela
sos.	sos.
kierunek	kierunek
litr	litr
godzinę	godzina
post scriptum	post scriptum
naszej ery	naszej ery
Fotografia	fotografia
mostem	most
miejscowości	miejscowość
grupie B.	grupa B.
metra	metr
ton	tona
ton	tona
pana	pan
Ono.	Ono.
Pb.pl.	Pb.pl.
b.	b.
icm.edu.pl.	icm.edu.pl.
siostrę	siostra
kas.	kas.
sobota	sobota
sobota	sobota
ceł.	ceł.
pan	pan
tonę	tona
tonę	tona
tonę	tona
dziennie	dziennie
pan.	pan.
B.  mecenas	B.  mecenas
świętej Anny.	święty Anny.
wieku	wiek
była	były
miejsce	miejsce
miejsce	miejsce
punktów bazowych	punkt bazowy
to.	to.
wieku	wiek
metrów	metr
godzinę	godzina
oddział	oddział
godzina	godzina
latach	rok
hak.	hak.
c.	c.
żyć.	żyć.
pages	page
bardzo	bardzo
w.	w.
pan	pan
ojciec	ojciec
sobota	sobota
serii	seria
z.	z.
metrów	metr
sobota	sobota
sobota	sobota
godzinę	godzina
dziennie	dziennie
karnego	karny
godzinę	godzina
pana	pan
imienia biskupa	imię biskup
litr	litr
była	były
dziennie	dziennie
panem	pan
tak zwane kozy.	tak zwany kozy.
pułkownikowi	pułkownik
WiN.	WiN.
ojca	ojciec
niedziela	niedziela
ojciec	ojciec
panie	pan
pana	pan
pan	pan
ców.	ców.
wieku	wiek
godzinę	godzina
metrach	metr
Neu.	Neu.
sobota	sobota
St.	St.
Rok.	Rok.
lag.	lag.
litr	litr
reżyseria	reżyseria
miejsce	miejsce
litr	litr
latach	rok
waga	waga
Fotografia	fotografia
u.	u.
doktora	doktor
punkt	punkt
Goi.	Goi.
ojciec	ojciec
ksiądz arcybiskup	ksiądz arcybiskup
Igą.	Igą.
ulgowy	ulgowy
nfz.gov.pl.	nfz.gov.pl.
godzinę	godzina
miejscowość	miejscowość
litrów	litr
sobota	sobota
Hiv.	Hiv.
panie	pan
jezdnia	jezdnia
Pełniący obowiązki	pełniący obowiązki
imienia księdza profesora	imię ksiądz profesor
maksymalnie	maksymalnie
quo.	quo.
Księdza profesora	ksiądz profesor
godzinę	godzina
pana	pan
gaf.	gaf.
Telefon komórkowy	telefon komórkowy
niedziela	niedziela
mieszkania	mieszkanie
notariusz	notariusz
karne	karny
imienia Kardynała	imię kardynał
księdza doktora	ksiądz doktor
Zep.	Zep.
sobota	sobota
Kos.	Kos.
ojciec	ojciec
godzina	godzina
godzinę	godzina
godzinę	godzina
pojemności	pojemność
ojciec	ojciec
godzina	godzina
godzina	godzina
godzina	godzina
ów.	ów.
sobota	sobota
sobota	sobota
sobota	sobota
metra	metr
decybeli	decybel
niedziela	niedziela
ojca	ojciec
godzinę	godzina
do spraw tak zwanych	do sprawy tak zwany
ać.	ać.
jeziorze	jezioro
godzina	godzina
ojciec	ojciec
niedziela	niedziela
strona	strona
strona	strona
sekundę	sekunda
paragraf	paragraf
księdza J.	ksiądz J.
węzeł	węzeł
godzinę	godzina
ojciec	ojciec
państwa	państwo
doktora inżyniera	doktor inżynier
były	były
Między innymi	między innymi
godzinę	godzina
godzina	godzina
odjazd	odjazd
niedziela	niedziela
dawnym	dawny
nad poziomem morza	nad poziomem morza
byłego	były
ojca	ojciec
tysięcy par	tysiąc para
jęk.	jęk.
e.	e.
strony	strona
niedziela	niedziela
dnia	dzień
strony	strony
ojciec	ojciec
oni.	oni.
metra nad poziomem morza	metr nad poziomem morza
dawniej	dawniej
litra	litr
ulica doktora A.	ulica doktora A.
pani	pani
sala	sala
metrów	metr
panem	pan
życia	życie
pan	pan
strona	strona
ojca	ojciec
godzina	godzina
pana; prezesa	pan; prezes
dogrywka	dogrywka
dziennie	dziennie
siostrą	siostra
koło	koło
b.	b.
metrów	metr
miasto	miasto
ojciec	ojciec
ojciec	ojciec
punktów procentowych	punkt procentowy
wieku	wiek
alkoholu	alkohol
siostra	siostra
hektarów	hektar
ojca	ojciec
my.	my.
godzina	godzina
picture	picture
dawnej	dawny
i tym podobne	i tym podobne
ojca	ojciec
domu	dom
dób.	dób.
godzinę	godzina
pić.	pić.
państwa	państwo
starszy plutonowy	starszy plutonowy
panią	pani
wewnętrzny	wewnętrzny
Lee.	Lee.
niedziela	niedziela
ojca	ojciec
strona	strona
miasta	miasto
lekarz dentysta	lekarz dentysta
who.	who.
wrc.	wrc.
jeziora	jezioro
łeb.	łeb.
metra	metr
około	około
godzinę	godzina
siedzibą	siedziba
von	von
sala	sala
wagi	waga
w sprawie T.	w sprawie T.
sobota	sobota
kas.	kas.
dziennie	dziennie
kę.	kę.
i.	i.
wieku	wiek
ojciec	ojciec
byłego	były
z.	z.
dywizji profesor	dywizja profesor
frekwencja	frekwencja
dał.	dał.
metra	metr
Południowo	południowy
sobota	sobota
sobota	sobota
sobota	sobota
Wam.	Wam.
metrów	metr
siostrę	siostra
wewnętrzny	wewnętrzny
ojciec	ojciec
ćmy.	ćmy.
węzeł	węzeł
węzeł	węzeł
ojcem	ojciec
b.	b.
ograniczoną	ograniczony
miasto	miasto
wieku	wiek
punktu	punkt
cen.	cen.
Informacje	informacja
mieście	miasto
godzina	godzina
tv.	tv.
psy.	psy.
matka	matka
byłego	były
wąż.	wąż.
nad	nad
tysięcy złotych	tysiąc złoty
cna.	cna.
sobota	sobota
ć.	ć.
tonę	tona
who.	who.
Pb.pl.	Pb.pl.
ojciec	ojciec
versus	versus
versus	versus
ojciec	ojciec
niedziela	niedziela
węzeł	węzeł
sektory	sektor
godzina	godzina
org.	org.
na przykład ojca	na przykład ojciec
zen.	zen.
ojciec	ojciec
urn.	urn.
pas.	pas.
metra	metr
młodszy inspektor	młodszy inspektor
bardziej; bardzo	bardziej; bardzo
ojca	ojciec
tom	tom
b.	b.
godzinę	godzina
FiT.	FiT.
wieku	wiek
niedziela	niedziela
Dziennik	dziennik
jak.  między innymi	jak.  między innymi
lokal	lokal
godzinę	godzina
byłym	były
dawniej	dawniej
ojciec	ojciec
panu	pan
pan	pan
piłka	piłka
tony	tona
hipoteki	hipoteka
pana	pan
py.	py.
ojciec	ojciec
egzemplarzy	egzemplarz
serii	seria
ł.	ł.
mil.	mil.
w sprawie między innymi	w sprawie między innymi
mieście	miasto
ma.  Ksiądz	ma.  ksiądz
ograniczoną odpowiedzialnością	ograniczoną odpowiedzialnością
byli	były
środa	środa
wiecznej	wieczny
ojciec	ojciec
gmina	gmina
werset	werset
pana	pan
pana	pan
wyż.	wyż.
metra	metr
panem	pan
to jest minimum	to jest minimum
Pin.	Pin.
was.	was.
stronach	strona
doktora S.	doktor S.
ton	tona
ojca	ojciec
róg.	róg.
byłego	były
eliminacji	eliminacje
u.	u.
miesiąca	miesiąc
versus	versus
dawnym	dawny
mieszkania	mieszkanie
metra	metr
hektarów	hektar
godzinę	godzina
wieku	wiek
strona	strona
ulic	ulica
sobota	sobota
na przykład	na przykład
wewnętrzny	wewnętrzny
ojca	ojciec
panem	pan
ojca	ojciec
pod wezwaniem	pod wezwaniem
środa	środa
Pan.	Pan.
roku tak zwany	rok tak zwany
nanosekund	nanosekunda
werset	werset
ojciec	ojciec
godzina	godzina
połowie; półroczu	połowa; półrocze
sekundy	sekunda
sobota	sobota
godzina	godzina
Hmm.	Hmm.
metra	metr
rat.	rat.
niedziela	niedziela
wieku przed naszą erą	wiek przed naszą erą
z japońskiego	z japońskiego
godzina	godzina
wieku	wiek
ton	tona
metrów	metr
com.	com.
pan	pan
wersja	wersja
siostra	siostra
Age.	Age.
miesiąca	miesiąc
punktu	punkt
Pra.	Pra.
niedziela	niedziela
niedziela	niedziela
metrów	metr
bia.	bia.
roku życia	rok życia
sekundę	sekunda
doktora	doktor
niedziela	niedziela
niedziela	niedziela
ojciec	ojciec
Rest in Peace	Rest in Peace
b.	b.
pan	pan
metra	metr
tonę	tona
niedziela	niedziela
piłką	piłka
sobota	sobota
ojca	ojciec
strona	strona
wieś [?]	
grupy C.	grupa C.
ulicą Z.	ulica Z.
gramów	gram
men.gov.pl.	men.gov.pl.
ojciec	ojciec
jar.	jar.
HiL.	HiL.
wieku	wiek
dni.  Około	dni.  około
pełniący	pełniący
pani	pani
litr	litr
pan	pan
godzinie	godzina
ksiądz	ksiądz
Pio.	Pio.
pan	pan
pages	page
kpi.	kpi.
panie	pan
gramy	gram
sobota	sobota
ojciec	ojciec
kodeksu karnego	kodeks karny
godzinę	godzina
Ewę.	Ewę.
wymienionym	wymieniony
jud.	jud.
strona	strona
rozmiar	rozmiar
imienia Ojca	imię ojciec
pes.	pes.
sobota	sobota
strona	strona
niedziela	niedziela
kodeksu	kodeks
dupie	dupa
na przykład BLIK.	na przykład BLIK.
pani	pani
ryk.	ryk.
ya.	ya.
niedziela	niedziela
p.	p.
nad	nad
dolarów	dolar
a.	a.
węźle	węzeł
tysięcy aut	tysiąc auto
dziennie	dziennie
dziennie	dziennie
dziennie	dziennie
porównaj na przykład	porównać na przykład
domu	dom
ulicy Generała	ulica generał
milionów złotych	milion złoty
złotych Telefon	złoty telefon
niedziela	niedziela
Cię.	Cię.
bieżącego roku tak zwanej	bieżący rok tak zwany
sobota	sobota
wieku	wiek
ojcu	ojciec
pań.	pań.
metrów	metr
sobota	sobota
środa	środa
pages	page
ojca	ojciec
siedzibą	siedziba
starszy plutonowy	starszy plutonowy
metrów nad poziomem morza	metr nad poziomem morza
strony	strona
miliony	milion
pani	pani
niedziela	niedziela
rysunek	rysunek
sobota	sobota
minucie	minuta
roku	rok
pan	pan
Eco.	Eco.
ojciec	ojciec
godzinę	godzina
kim.	kim.
jeziora	jezioro
tonę	tona
wieku	wiek
niedziela	niedziela
niedziela	niedziela
środa	środa
karne	karny
godzinach	godzina
dolarów	dolar
Fox.	Fox.
ubiegłego wieku	ubiegły wiek
sobota	sobota
ty.	ty.
pana	pan
roku między innymi	roku między innymi
byłego	były
sobota	sobota
mostu	most
mieszkania	mieszkanie
liczba	liczba
piętro	piętro
societe	societe
ojciec	ojciec
godzinę	godzina
niedziela	niedziela
serii	seria
tonę	tona
sobota	sobota
reżyseria	reżyseria
wiek	wiek
boisko	boisko
do spraw	do spraw
pani	pani
miliardów	miliard
pracy	praca
dziennie	dziennie
środa	środa
pan	pan
lat	rok
pan	pan
ratownik medyczny	ratownik medyczny
mostem	most
była	były
dawnym	dawny
pages	page
bieżącego miesiąca	bieżący miesiąc
e.	e.
ojciec	ojciec
koło	koło
nauk	nauka
habilitowana nauk chemicznych	habilitowany nauki chemiczne
tonę	tona
ovo.	ovo.
Car.	Car.
godzinę	godzina
godzina	godzina
godzinę	godzina
między innymi byłemu	między innymi były
Ląd.	Ląd.
grama	gram
węzeł	węzeł
ojciec	ojciec
spa.	spa.
nfz.gov.pl.	nfz.gov.pl.
kapitan	kapitan
pani	pani
godzinę	godzina
miś.	miś.
godzina	godzina
nek.	nek.
liczba mnoga	liczba mnoga
kwartału	kwartał
fan.	fan.
sobota godzina	sobota godzina
i tak dalej	i tak dalej
ich.	ich.
rokiem	rok
gramów	gram
li.	li.
ojciec	ojciec
dawniej	dawniej
sióstr	siostra
Qry.	Qry.
strona	strona
dawniej	dawniej
węzeł	węzeł
prezydenta	prezydent
dziennie	dziennie
niedziela	niedziela
ojca	ojciec
były	były
wieku	wiek
metrów	metr
dawnym	dawny
I.  połowie	I.  połowa
tonę	tona
baryłkę	baryłka
Oy.	Oy.
Bug.	Bug.
ojciec	ojciec
dogrywka	dogrywka
serii	seria
poi.	poi.
metra	metr
sobota	sobota
ojca	ojciec
ton	tona
byłej	były
pan	pan
ton	tona
miejsce	miejsce
telewizji	telewizja
metra	metr
Ass.	Ass.
pana	pan
ojca	ojciec
metra	metr
metrów	metr
języka	język
sekunda	sekunda
piętro	piętro
dziennie	dziennie
środa	środa
wieku	wiek
niedziela	niedziela
punkty	punkt
kodeksu	kodeks
liczba	liczba
wie.	wie.
kodeksu	kodeks
godzinę	godzina
ojciec	ojciec
między innymi doktor	między innymi doktor
były	były
tom.	tom.
imienia księdza	imię ksiądz
między innymi	między innymi
pan	pan
f.	f.
niedziela	niedziela
łza.	łza.
ojciec	ojciec
ząb.	ząb.
wiersz; werset	wiersz; werset
pana	pan
pod wezwaniem	pod wezwaniem
mężczyzn	mężczyzna
imienia podporucznika	imię podporucznik
godzinę	godzina
piłką	piłka
ojca	ojciec
sobota	sobota
Wa.	Wa.
Ośrodki	ośrodek
tygodnie	tydzień
niedziela	niedziela
ojciec	ojciec
panią	pani
strona	strona
między innymi aleja	między innymi aleja
nauk medycznych	nauki medyczne
siostra	siostra
ojciec	ojciec
tysięcy lamp.	tysiąc lamp.
zysk	zysk
grama	gram
godzina	godzina
tonę	tona
gramów	gram
roku	rok
sekundę	sekunda
wieku	wiek
sobota	sobota
sobota	sobota
sobota	sobota
pan	pan
godzina	godzina
świętą Annę.	święty Annę.
ojciec	ojciec
ojciec	ojciec
lekarz stomatolog	lekarz stomatolog
inżynier pilot	inżynier pilot
koło	koło
niedziela	niedziela
niedziela	niedziela
języku	język
wiekiem	wiek
Ksiądz Profesor	ksiądz profesor
sobota	sobota
wieku	wiek
godzinę	godzina
exe.	exe.
wiekiem	wiek
d.	d.
piątek telefon	piątek telefon
Generał	generał
sekundach	sekunda
strona	strona
miejsce	miejsce
pani	pani
godzina	godzina
do spraw	do spraw
ksiądz Oder.	ksiądz Oder.
metra	metr
Wysokość	wysokość
około	około
panowie	pan
godzina	godzina
miasto	miasto
sędziego	sędzia
sum.	sum.
godzinę	godzina
sobota	sobota
byłej	były
miejscowości; miasta	miejscowość; miasto
pana	pan
a.	a.
godzinę	godzina
strona	strona
według	według
wieku	wiek
metrów kwadratowych powierzchni	metr kwadratowy powierzchnia
godzinie	godzina
metra	metr
godzina	godzina
kwartale roku finansowego	kwartał rok finansowy
lnu.	lnu.
język	język
sala	sala
tony	tona
ZS.   imienia	ZS.   imię
Rest in Peace	Rest in Peace
pan	pan
byłej	były
sobota	sobota
bieżącego miesiąca	bieżący miesiąc
kwartale ubiegłego roku	kwartał ubiegły rok
inni	inny
niedziela	niedziela
wtorek	wtorek
sobota	sobota
pod wezwaniem świętego	pod wezwaniem święty
sekundę	sekunda
sobota	sobota
metra	metr
gramy	gram
węzeł	węzeł
pana	pan
strony	strona
bil.	bil.
mililitrów	mililitr
niedziela	niedziela
milimetrów Temperatura maksymalna	milimetr temperatura maksymalny
godzinę	godzina
kum.	kum.
godzinę	godzina
dawna	dawny
przy	przy
Nic.  Zero.	Nic.  Zero.
wieku	wiek
Zło.	Zło.
piątek telefon	piątek telefon
około tysiąca	około tysiąc
pani	pani
kodeksu	kodeks
ojciec	ojciec
wieku	wiek
film	film
godzina	godzina
strona	strona
były	były
rok do roku	rok do roku
i tak dalej	i tak dalej
sił.	sił.
godzinę	godzina
ń.	ń.
lał.	lał.
Pax.	Pax.
sobota	sobota
ojciec	ojciec
pani	pani
Nie.	Nie.
sekundy	sekunda
godzina	godzina
godzina	godzina
pan	pan
ojciec	ojciec
koło	koło
postscriptum	postscriptum
siostrę	siostra
Porównaj	porównać
lej.	lej.
pana	pan
Pub.	Pub.
g.	g.
sobota	sobota
ojciec	ojciec
wieku	wiek
inżynier	inżynier
ojcu	ojciec
to jest	to jest
tom	tom
Zet.	Zet.
doo.	doo.
sem.	sem.
godzina	godzina
środa	środa
megapaskali	megapaskal
Mur.	Mur.
niedziela	niedziela
serii	seria
po angielsku U.S.	po angielsku U.S.
koło	koło
a.	a.
niedziela	niedziela
w.	w.
były	były
tysięcy lat	tysiąc rok
Kilowatogodzinę	kilowatogodzina
godzinę	godzina
pani	pani
tom	tom
Roy.	Roy.
miasto	miasto
Kos.	Kos.
dziennie	dziennie
tak zwanej ulicy	tak zwany ulica
kwadratowych PUM.	kwadratowy PUM.
karny	karny
ksiądza arcybiskupa	ksiądz arcybiskup
ojca	ojciec
spółka komandytowa	spółka komandytowa
ufa.	ufa.
godzinę	godzina
Liceum Ogólnokształcym imienia	liceum ogólnokształcące imię
ronda	rondo
godzina	godzina
wieku	wiek
godzinę	godzina
strona	strona
miejscowość	miejscowość
sekundy	sekunda
miasto	miasto
metrów kwadratowych Około	metr kwadratowy około
o.  godzinie	o.  godzina
dotyczącego ojca	dotyczyć ojciec
godzina	godzina
metra	metr
Ivy.	Ivy.
przypis	przypis
miejscowościach	miejscowość
w.	w.
godzinę	godzina
godzinie	godzina
ojciec	ojciec
wewnętrzny	wewnętrzny
pana	pan
karne	karny
pełniący obowiązki	pełniący obowiązki
metrów	metr
pan	pan
koło	koło
sobota	sobota
wieku	wiek
piątek	piątek
HDi.	HDi.
błogosławionego księdza	błogosławiony ksiądz
pów.	pów.
wieku	wiek
miliarda	miliard
w sprawie VAT.	w sprawie VAT.
około metr.	około metr.
patrz	patrzeć
ojca	ojciec
sobota	sobota
powierzchnię użytkową	powierzchnia użytkowy
gna.	gna.
litry	litr
na przykład film.	na przykład film.
Sów.	Sów.
niedziela	niedziela
siostra	siostra
ojcem	ojciec
ojca	ojciec
imienia W.I.	imię W.I.
muł.	muł.
byłego	były
miejscowości	miejscowość
ulica Z.	ulica Z.
strona	strona
ojciec	ojciec
ojca	ojciec
były	były
wieku	wiek
metry	metr
niedziela	niedziela
ojcem	ojciec
pana	pan
oku.	oku.
niedziela	niedziela
niedziela	niedziela
tak.  Na przykład	tak.  Na przykład
c.	c.
my.	my.
pan	pan
bardzo	bardzo
ojca	ojciec
siostry	siostra
nóg.	nóg.
komisariat	komisariat
ulica	ulica
strony	strona
pan	pan
wiek	wiek
tak.	tak.
pól.	pól.
państwa	państwo
Max.	Max.
godzinę	godzina
panem	pan
dziennie	dziennie
nfz.gov.pl.	nfz.gov.pl.
sąd.	sąd.
strony	strona
pana	pan
ojcu	ojciec
a.	a.
wieku	wiek
age.	age.
sala	sala
a.	a.
były	były
metra	metr
języka ukraińskiego	język ukraiński
PiS.	PiS.
ono.	ono.
niedziela	niedziela
karny	karny
Es.	Es.
matki	matka
bardzo	bardzo
siostry	siostra
kiloniutonów	kiloniuton
sekundę	sekunda
ojciec	ojciec
ojciec	ojciec
liczba	liczba
strony	strona
wyżej wymiony	wyżej wymieniony
wieku	wiek
tysiąca litrów	tysiąc litr
In.	In.
piw.	piw.
godzinę	godzina
u.	u.
pan	pan
około godziny	około godzina
blues	blues
rok	rok
rocznik	rocznik
umk.pl.	umk.pl.
ne.	ne.
powiat	powiat
ojca	ojciec
ojciec	ojciec
wym.	wym.
kapitan żeglugi wielkiej	kapitan żeglugi wielkiej
były	były
miasta	miasto
byłej	były
byłej	były
w.	w.
niedziela	niedziela
reżyseria	reżyseria
ojciec	ojciec
dawnej	dawny
metry	metr
metry	metr
pani	pani
matka	matka
sobota	sobota
godzinę	godzina
kodeksu	kodeks
j.	j.
reżyseria	reżyseria
sobota	sobota
ojciec	ojciec
pana	pan
abc.	abc.
b.	b.
sobota	sobota
godzinę	godzina
między innymi cena.	między innymi cena.
metr	metr
jeziora	jezioro
ta.	ta.
rok	rok
były	były
imienia	imię
werset	werset
pan	pan
byłego	były
wewnętrzny	wewnętrzny
Ole.	Ole.
sobota	sobota
roku pod tytułem	rok pod tytułem
byłego	były
werset	werset
sobota	sobota
o.  godzinie	o.  godzina
niedziela	niedziela
językiem	język
pana	pan
ton	tona
ojca	ojciec
niedziela	niedziela
cy.	cy.
strona	strona
sobota	sobota
pokój	pokój
niedziela	niedziela
siostry	siostra
sobota	sobota
Volume	volume
rondzie	rondo
godzina	godzina
ujęciu	ujęcie
pana	pan
byłego	były
ulicę	ulica
p.	p.
Rec.	Rec.
niedziela	niedziela
com.pl.	com.pl.
między innymi GOPR.	między innymi GOPR.
to jest	to jest
byłą	były
mix.	mix.
sobota	sobota
Fin.	Fin.
siostrę	siostra
niedziela	niedziela
ojciec	ojciec
hmm.	hmm.
wewnętrzny	wewnętrzny
ojca	ojciec
metrów kwadratowych	metr kwadratowy
For.	For.
dawniej	dawniej
zaś.	zaś.
godzinę	godzina
ojca	ojciec
stron	strona
stron	strona
ronda	rondo
siostry	siostra
pan	pan
panie	pan
Ksiądz Profesor	ksiądz profesor
tonę	tona
miejscowość	miejscowość
ojca	ojciec
Watykański	Watykan
litr	litr
tak zwaną	tak zwany
tk.	tk.
godzinę	godzina
niedziela	niedziela
godzina	godzina
metrów	metr
godzina	godzina
PhD.	PhD.
ku.	ku.
lat	rok
punkt; paragraf	punkt; paragraf
wiecznego	wieczny
piątek godzina	piątek godzina
Vip.	Vip.
angielskiego	angielski
uda.	uda.
siostra	siostra
panu	pan
HDi.	HDi.
litr	litr
metrów	metr
godzinę	godzina
ojca	ojciec
a.	a.
ulica	ulica
tysięcy ton.  Około	tysiąc ton.  około
bar.	bar.
sobota	sobota
sobota	sobota
p.	p.
sekundy	sekunda
pył.	pył.
zły.	zły.
środa	środa
sala	sala
metrów kwadratowych	metr kwadratowy
b.	b.
is.	is.
Rest in Peace	Rest in Peace
godzina	godzina
ja.	ja.
ojciec	ojciec
ojciec	ojciec
koron	korona
godzinę	godzina
wieku	wiek
sekundy	sekunda
bardzo dobry	bardzo dobry
byłego	były
sobota	sobota
suv.	suv.
bardzo	bardzo
do spraw tak zwanej	do sprawy tak zwany
niedziela	niedziela
niedziela	niedziela
sobota	sobota
ojcem	ojciec
środa	środa
wagi	waga
Tym.	Tym.
serii	seria
ojciec	ojciec
lęk.	lęk.
ojca	ojciec
s.	s.
były	były
b.	b.
się.	się.
Igę.	Igę.
ojciec	ojciec
dno.	dno.
pages	page
wieku	wiek
godzina	godzina
n.	n.
versus	versus
pani	pani
Ksiądz Profesor	ksiądz profesor
kwartale	kwartał
sobota	sobota
języku	język
węzeł	węzeł
godzinę	godzina
były	były
pani	pani
mostem	most
niedziela	niedziela
pór.	pór.
litr	litr
wadze	waga
car.	car.
bieżącego roku generała	bieżący rok generał
kodeksu pracy	kodeks pracy
ojciec	ojciec
nin.	nin.
dawniej	dawniej
ubiegłego roku	ubiegły rok
poziom	poziom
Lee.	Lee.
j.	j.
niedziela	niedziela
wieku naszej ery	wiek nasza era
złe.	złe.
ojciec	ojciec
panem	pan
liczba	liczba
byłego	były
emo.	emo.
inżynier pilot	inżynier pilot
do spraw	do spraw
wiekiem	wiek
pana	pan
ojca	ojciec
tysięcy świń.	tysiąc świń.
była	były
c.	c.
sku.	sku.
gramy	gram
z.	z.
godzina	godzina
panem	pan
d.	d.
ojca	ojciec
kur.	kur.
to jest	to jest
roku życia	rok życie
miejsce	miejsce
Po.	Po.
wagi	waga
dogrywka	dogrywka
roku	rok
numerem ewidencyjnym	numer ewidencyjny
u.	u.
sędzia; sędziował	sędzia; sędziować
pani	pani
tonę	tona
strona	strona
byli	były
ojca	ojciec
niedziela	niedziela
ojciec	ojciec
agd.	agd.
metrów	metr
wieku	wiek
tonę	tona
godzinę	godzina
niedziela	niedziela
ojciec	ojciec
dawna	dawny
byłego	były
wewnętrzny	wewnętrzny
ojciec	ojciec
Kos.	Kos.
Kac.	Kac.
sobota	sobota
litr	litr
godzinę	godzina
grama	gram
Gór.	Gór.
godzinę	godzina
godzina	godzina
t.	t.
strona	strona
godzinę	godzina
godzinę	godzina
godzinę	godzina
godzinę	godzina
metrów	metr
przeciw; przeciwko	przeciw; przeciwko
wieku	wiek
huk.	huk.
dnia	dzień
odcinku	odcinek
sekundę	sekunda
tomy	tom
tekst	tekst
pages	page
magistra	magister
niedziela	niedziela
niedziela	niedziela
świętej kardynał	święty kardynał
ojca	ojciec
kar.	kar.
województwo	województwo
koło	koło
niedziela	niedziela
tonę	tona
versus	versus
łacińskiego	łaciński
lat.  A.	lat.  A.
ojciec	ojciec
godzinę	godzina
wiek	wiek
a.	a.
siostra	siostra
ojca	ojciec
miejscowość	miejscowość
niedziela	niedziela
godzina	godzina
sobota	sobota
metry	metr
godzinę	godzina
tonę	tona
poziom	poziom
mieszkania	mieszkanie
imienia Kapitana	imię kapitan
między innymi FBI.	między innymi FBI.
byłą	były
byłej	były
groszy	grosz
metra	metr
metrów	metr
osi.	osi.
imienia	imię
wieku	wiek
ojciec	ojciec
ojciec	ojciec
niedziela	niedziela
tonę	tona
tonę	tona
tak zwanej	tak zwany
godzinę	godzina
godzinę	godzina
tonę	tona
godzinę	godzina
roku	rok
d.	d.
metra	metr
niedziela	niedziela
koło	koło
strony	strona
ryk.	ryk.
ojciec	ojciec
panem	pan
Około	około
strona	strona
sekundę	sekunda
siostra	siostra
niedziela	niedziela
niedziela	niedziela
dawna	dawny
między innymi dron.	między innymi dron.
wagi	waga
ojciec	ojciec
dogrywka	dogrywka
litra	litr
serii	seria
pan	pan
mieszkania	mieszkanie
pani	pani
dawnych	dawny
niedziela	niedziela
niedziela	niedziela
redakcja ksiądz	redakcja ksiądz
ojciec	ojciec
sobota	sobota
sobota	sobota
były	były
punktu procentowego	punkt procentowy
zobacz	zobacz
młodszy kapitan	młodszy kapitan
sekundy	sekunda
syn.  byłego	syn.  były
warsztaty	warsztat
zatytułowana	zatytułowany
kwartału	kwartał
sobota	sobota
godzinę	godzina
siostry	siostra
ojca	ojciec
metra	metr
metra	metr
strony	strona
godzinę	godzina
sobota	sobota
wieku	wiek
ZS.   imienia	ZS.   imię
wieku	wiek
pana	pan
pów.	pów.
Bad.	Bad.
ojca	ojciec
tysięcy kont.	tysiąc kont.
serii	seria
wiecznej	wieczny
metra	metr
profesor	profesor
nos.	nos.
tysiąca łosi.	tysiąc łosi.
versus	versus
versus	versus
roku	rok
w sprawie GMO.	w sprawie GMO.
Bóg.	Bóg.
wieku	wiek
godzinę	godzina
wysokości	wysokość
stopni Celsiusza	stopień Celsiusz
sobota	sobota
litrów	litr
ulg.	ulg.
godzinę	godzina
hektar	hektar
ojciec	ojciec
tonę	tona
z.	z.
przez	przez
były	były
ojciec	ojciec
pan	pan
ojciec	ojciec
versus	versus
most	most
niedziela	niedziela
przez	przez
sióstr	siostra
Ląd.	Ląd.
w.	w.
były	były
pan	pan
ubiegłego roku	ubiegły rok
wybory	wybory
żab.	żab.
byłego	były
ojciec	ojciec
godzinę	godzina
tym.  na przykład	tym.  na przykład
nauk medycznych	nauki medyczne
miś.	miś.
a.	a.
metrów	metr
godzina	godzina
Porównaj	porównać
siostra	siostra
powiat	powiat
da.	da.
c.	c.
niedziela	niedziela
blues	blues
hak.	hak.
środa	środa
sekundy	sekunda
miasto	miasto
Bóg.	Bóg.
ulica	ulica
miejsce	miejsce
godzinę	godzina
pana	pan
ojciec	ojciec
tonę	tona
jezioro	jezioro
strona	strona
niedziela	niedziela
ojca	ojciec
godzina	godzina
sobota	sobota
ć.	ć.
ru.	ru.
litra	litr
Dziennik Ustaw	dziennik ustaw
żeglugi wielkiej	żegluga wielka
wieczne	wieczny
ław.	ław.
wewnętrzny	wewnętrzny
po ukraińsku; z ukraińskiego	po ukraińsku; z ukraińskiego
siostra	siostra
środa	środa
tony	tona
roku	rok
niedziela	niedziela
sobota	sobota
bat.	bat.
lekarka stomatolożka	lekarz stomatolog
wieku	wiek
kodeksu karnego	kodeks karny
ojca	ojciec
tę.	tę.
ojca	ojciec
aspirant	aspirant
lot.	lot.
były	były
godzinach	godzina
dogrywka	dogrywka
niedziela	niedziela
część	część
megapaskali	megapaskal
raz.	raz.
konkurencja	konkurencja
metrów	metr
Luv.	Luv.
Dei.	Dei.
godzinę	godzina
godzinę	godzina
województwo	województwo
niedziela	niedziela
w sprawie	w sprawie
wieku	wiek
ojciec	ojciec
godzinę	godzina
rozdział	rozdział
koło	koło
Dziennik Ustaw Numer	dziennik ustaw numer
pod tytułem	pod tytułem
ton	tona
i.	i.
gramów	gram
i.	i.
świętej pamięci	świętej pamięci
Cow.	Cow.
Na.	Na.
gramy	gram
IId.	IId.
ojciec	ojciec
parafii	parafia
na przykład profesor	na przykład profesor
dnia	dzień
godziną	godzina
metrach	metr
c.	c.
języka	język
roku	rok
godzinę	godzina
Habilitowany	habilitowany
ojciec	ojciec
godzina	godzina
godzinę	godzina
raf.	raf.
tonę	tona
godzina	godzina
wieku	wiek
metrów	metr
miliony	milion
były	były
były	były
byłej	były
werset	werset
były	były
godzina	godzina
wieku	wiek
sekundy	sekunda
godzinę	godzina
jezioro	jezioro
ojciec	ojciec
dawnych	dawny
godzinę	godzina
punktów bazowych	punkt bazowy
miesiąca	miesiąc
koło	koło
obywatel	obywatel
linii	linia
imienia doktora	imię doktor
między innymi imienia	między innymi imię
dół.	dół.
metry	metr
strona	strona
w sprawie GMO.	w sprawie GMO.
złotych	złoty
piątek telefon	piątek telefon
łąk.	łąk.
tysięcy egzemplarzy	tysiąc egzemplarz
ojciec	ojciec
bieżącego roku generał	bieżący rok generał
gej.	gej.
dziewcząt	dziewczę
sobota	sobota
kodeksu cywilnego	kodeks cywilny
rondo	rondo
niedziela	niedziela
byłymi	były
pana	pan
kwadratowych PUM.	kwadratowy PUM.
byłego	były
metrów	metr
metra	metr
domy	dom
godzina	godzina
ojca	ojciec
pan	pan
niedziela	niedziela
rondo	rondo
Dom.	Dom.
mai.	mai.
d.	d.
dawniej	dawniej
metra	metr
metrów	metr
strona	strona
tv.	tv.
Artykuł	artykuł
ojciec	ojciec
niedziela	niedziela
niedziela	niedziela
złotych	złoty
metra	metr
metra	metr
panią	pani
w sprawie doktora	w sprawie doktor
tysięcy metrów kwadratowych versus	tysiąc metr kwadratowy versus
litr	litr
wiersz; werset	wiersz; werset
ulica	ulica
piw.	piw.
metry	metr
pan	pan
między innymi wizy.	między innymi wizy.
wewnętrzny	wewnętrzny
sobota	sobota
ojciec	ojciec
hop.	hop.
jezdnia	jezdnia
niedziela	niedziela
godzina	godzina
dnia	dzień
pum.	pum.
ustawy	ustawa
litr	litr
ojciec	ojciec
rokiem	rok
S.  pseudonim Masa.	S.  pseudonim Masa.
ulicy	ulica
godzinę	godzina
godzinę	godzina
ojciec	ojciec
pani	pani
sobota	sobota
sobota	sobota
byłego	były
godzina	godzina
pana	pan
ubiegłego roku	ubiegły rok
dawniej	dawniej
byłym	były
tonę	tona
pan, premier	pan, premier
ojca	ojciec
pani	pani
koło	koło
metrów	metr
metrów	metr
bieżącego roku tak zwany	bieżący rok tak zwany
siostry	siostra
imienia S.	imię S.
punkt	punkt
piątek niedziela wtorek	piątek niedziela wtorek
godzina	godzina
pan	pan
sobota	sobota
sobota	sobota
były	były
ojciec	ojciec
litrów	litr
Zobacz	zobaczyć
jeziorem	jezioro
byłego	były
mas.	mas.
pa.	pa.
godzinę	godzina
versus	versus
ojciec	ojciec
ojciec	ojciec
sobota	sobota
lata	rok
ż.	ż.
ojca	ojciec
miejsce	miejsce
kac.	kac.
metra	metr
były	były
tonę	tona
Ass.	Ass.
godzina	godzina
metrów	metr
wieku	wiek
niedziela	niedziela
niedziela	niedziela
strona	strona
wewnętrzny	wewnętrzny
pana	pan
matka	matka
pan	pan
Eco.	Eco.
między innymi	między innymi
ubiegłego roku	ubiegły rok
byłym	były
ojciec	ojciec
ojciec	ojciec
pani	pani
iOS.	iOS.
sobota	sobota
mąż.	mąż.
rotmistrz	rotmistrz
metra	metr
siostra	siostra
językiem	język
lata	rok
węzeł	węzeł
strona	strona
byłemu	były
godzinę	godzina
b.	b.
dawnego	dawny
a.	a.
c.	c.
złotych	złoty
versus	versus
versus	versus
panu	pan
dna.	dna.
niedziela	niedziela
noc.  Około godziny	noc.  około godzina
tomy	tom
miasta	miasto
godzinę	godzina
pani	pani
około metr.	około metr.
roku	rok
kodeksu cywilnego	kodeks cywilny
roku życia	rok życie
was.	was.
wiekiem	wiek
ojciec	ojciec
godzina	godzina
były	były
pani	pani
wieku	wiek
sobota	sobota
brat	brat
ojcem	ojciec
godzina	godzina
ojca	ojciec
kategoria wagowa	kategoria wagowa
były	były
j.	j.
ojca	ojciec
win.	win.
wieku	wiek
tonę	tona
tonę	tona
dekagramów	dekagram
bór.	bór.
godzinę	godzina
Noc.	Noc.
godzina	godzina
godzinę	godzina
niedziela	niedziela
Rio.	Rio.
In.	In.
wieku	wiek
baryłkę	baryłka
godzinę	godzina
godzinę	godzina
też	też
zamieszkanie	zamieszkanie
Po.	Po.
a.	a.
godzinę	godzina
godzina	godzina
wewnętrzny	wewnętrzny
godzina	godzina
godzinę	godzina
metrów	metr
doktor inżynier architekt	doktor inżynier architekt
godzinę	godzina
ojca	ojciec
cy.	cy.
Koj.	Koj.
panu	pan
roku	rok
godzina	godzina
miejscowości	miejscowość
godzinę	godzina
tonę	tona
roku	rok
dnia	dzień
niedziela	niedziela
środa	środa
roku kardynał	rok kardynał
rex.	rex.
godzinę	godzina
metrach	metr
owy.	owy.
miasto	miasto
na przykład profesor	na przykład profesor
tył.	tył.
metrów	metr
y.	y.
ojca	ojciec
plac B.	plac B.
wyrok	wyrok
były	były
wieczny	wieczny
godzina	godzina
koło	koło
sekundę	sekunda
punkty	punkt
cum.	cum.
metra	metr
ulicy generała	ulica generał
litr	litr
wieku	wiek
Bax.	Bax.
reformę	reforma
syna	syn
lat	rok
godzina	godzina
non.	non.
jezioro	jezioro
państwa	państwo
miejsce	miejsce
sobota	sobota
sekundy	sekunda
strony	strona
strony	strona
były	były
niedziela	niedziela
ulicy generała	ulica generał
metrów	metr
z.	z.
wieku	wiek
pal.	pal.
Około	około
ulica	ulica
a.	a.
imienia komandora doktora habilitowanego inżyniera	imię komandor doktor habilitowany inżynier
wymienionych	wymieniony
miligrama	miligram
reżyserii	reżyseria
dwa.	dwa.
wieków	wiek
świętej Anny.	święty Anny.
lata	rok
sióstr	siostra
milisekund	milisekunda
pełniąca obowiązki dyrektorki	pełniący obowiązki dyrektor
godzinę	godzina
pana	pan
między innymi	między innymi
ojciec	ojciec
tonę	tona
Igą.	Igą.
ubiegłego wieku	ubiegły wiek
metrów	metr
sobota	sobota
Led.	Led.
y.	y.
wynagrodzenie	wynagrodzenie
godzinę	godzina
ulicy	ulica
ojca	ojciec
Gór.	Gór.
Foo.	Foo.
roku życia	rok życie
tonę	tona
Lwy.	Lwy.
dawniej	dawniej
siostrę	siostra
liczba	liczba
pseudonim	pseudonim
Szanowny Pan	szanowny pan
pan	pan
strona	strona
ojciec	ojciec
pan	pan
sala	sala
patrz	patrzeć
ojca	ojciec
niedziela	niedziela
iOS.	iOS.
województwa	województwo
ojciec	ojciec
godzinę	godzina
fotografia materiały	fotografia materiał
były	były
rp.pl.	rp.pl.
metrów	metr
strona	strona
są.	są.
bal.	bal.
według	według
c.	c.
miasta	miasto
sobota	sobota
ojciec	ojciec
dystrybucja	dystrybucja
sobota	sobota
sobota	sobota
zajezdnia	zajezdnia
II.  artykuł	II.  artykuł
panu	pan
metry	metr
byłego	były
sobota	sobota
między innymi świętej	między innymi święty
metrów	metr
niedziela	niedziela
zdrowiu inżynier	zdrowie inżynier
była	były
wymienionej	wymieniony
stronach	strona
jezioro	jezioro
tonę	tona
godzinę	godzina
Ex.	Ex.
wić.	wić.
godzinę	godzina
jak.  między innymi	jak.  między innymi
TPl.	TPl.
jab.	jab.
ojca	ojciec
Rig.	Rig.
miesiąca	miesiąc
godzinę	godzina
pot.	pot.
ulicy	ulica
mieszkania	mieszkanie
dziennie	dziennie
t.	t.
tonę	tona
ojciec	ojciec
byłemu	były
Tym.	Tym.
były	były
gmina	gmina
ne.	ne.
punktów	punkt
ksiądz profesor	ksiądz profesor
miastem	miasto
niedziela	niedziela
f.	f.
tom.	tom.
węzeł	węzeł
młodszy brygadier	młodszy brygadier
niedziela	niedziela
sa.	sa.
mostu	most
sekundach	sekunda
pub.	pub.
imienia Kardynała	imię kardynał
Age.	Age.
metra	metr
ojciec	ojciec
Sz.	Sz.
sala	sala
łzę.	łzę.
domu	dom
Dziennik Ustaw pozycja	dziennik ustaw pozycja
godzina	godzina
godzina	godzina
przeciw pożarowe	przeciw pożarowy
miasto	miasto
miasto	miasto
pani	pani
nic.	nic.
pana	pan
dzień	dzień
e.	e.
bieżącego	bieżący
pana	pan
maj.	maj.
Rum.	Rum.
sobota	sobota
godzina	godzina
sekundy	sekunda
niedziela	niedziela
były	były
byłemu	były
page	page
versus	versus
piętro pokój	piętro pokój
metrów	metr
ojca	ojciec
byłej	były
ek.	ek.
metrów	metr
ojciec	ojciec
sobota	sobota
godzina	godzina
sobota	sobota
sobota	sobota
koło	koło
sobota	sobota
wieku	wiek
generał porucznik	generał porucznik
sobota	sobota
piętrze	piętro
siostra	siostra
ojciec	ojciec
rondzie	rondo
noc.	noc.
godzinę	godzina
bieżącego	bieżący
zobacz strona	zobacz strona
przeciw; przeciwko	przeciw; przeciwko
pan	pan
pan	pan
baryłkę	baryłka
strony	strona
kodeksu karnego	kodeks karny
In.	In.
wydanie polskie	wydanie polski
Se.pl.	Se.pl.
tonę	tona
łyżka	łyżka
niedziela	niedziela
niedziela	niedziela
ojciec	ojciec
xx.	xx.
godziny	godzina
wewnętrzny	wewnętrzny
man.	man.
byłego	były
panu	pan
tysiąca łosi.	tysiąc łosi.
godzinę	godzina
strona	strona
poziom	poziom
przeciwko	przeciwko
tonę	tona
węzły	węzeł
na przykład Artykuł	na przykład artykuł
ojciec	ojciec
ojciec	ojciec
szu.	szu.
niedziela	niedziela
ojciec	ojciec
z.	z.
niedziela	niedziela
sobota	sobota
wieku	wiek
dziennie	dziennie
dziennie	dziennie
dziennie	dziennie
niedziela	niedziela
b.	b.
Redakcja	redakcja
siostrę	siostra
godzinę	godzina
placu świętej	plac święty
kapitan marynarki magister inżynier	kapitan marynarka magister inżynier
ile.	ile.
baryłkę	baryłka
niedziela	niedziela
c.	c.
pic.	pic.
godziny	godzina
ojciec	ojciec
panem	pan
z.	z.
miasto	miasto
sobota	sobota
ksiądz Oder.	ksiądz Oder.
miejscowości	miejscowość
tną.	tną.
ksiądz biskup	ksiądz biskup
sobota	sobota
redaktorem	redaktor
arcybiskupa	arcybiskup
świętej pamięci generała	świętej pamięci generał
godzinę	godzina
Qry.	Qry.
Tak.	Tak.
Są.	Są.
siostra	siostra
pani	pani
godzinę	godzina
byłemu	były
piętro	piętro
i.	i.
numer	numer
Coe.	Coe.
między innymi FBI.	między innymi FBI.
metrów nad poziomem morza	metr nad poziomem morza
sobota	sobota
ojcu	ojciec
godzina	godzina
baryłkę	baryłka
sobota	sobota
piłka	piłka
tvn.	tvn.
roku ojciec	rok ojciec
tonę	tona
sęk.	sęk.
gatunki	gatunek
były	były
ojcem	ojciec
to jest na przykład	to jest na przykład
ojciec	ojciec
ojca	ojciec
wieku	wiek
silniki	silnik
sekundy	sekunda
państwa	państwo
ojciec	ojciec
węzeł	węzeł
wieku	wiek
metrów	metr
była	były
Watykańskiego	watykański
metrów	metr
pan	pan
żyw.	żyw.
ojca	ojciec
metra	metr
lwa.	lwa.
byli	były
godzina	godzina
godzina	godzina
godzina	godzina
godzinę	godzina
Ass.	Ass.
metrów	metr
asy.	asy.
złotych	złoty
ojciec	ojciec
volume	volume
przykład	przykład
kodeksu	kodeks
kategoria wagowa	kategoria wagowa
jar.	jar.
pana	pan
kodeksu	kodeks
ojca	ojciec
lat	rok
godzinę	godzina
między innymi dyrektor	między innymi dyrektor
us.	us.
piłką	piłka
lekarz medycyny	lekarz medycyny
młodszy	młodszy
metra	metr
wąż.	wąż.
daj.	daj.
byłym	były
gramów	gram
wieku	wiek
imienia H.	imię H.
ojciec	ojciec
dawniej; dawna	dawniej; dawny
niedziela	niedziela
dziennie	dziennie
godzinę	godzina
piętro pokój	piętro pokój
milionów ton.	milion ton.
były	były
waga	waga
litr	litr
ojca	ojciec
ojciec	ojciec
wersji	wersja
ojciec	ojciec
pana	pan
ojciec	ojciec
i.	i.
metrów nad poziomem morza	metr nad poziomem morza
punkty procentowy	punkt procentowy
ojciec	ojciec
metrów	metr
lag.	lag.
tak zwane fale.	tak zwany fale.
versus	versus
godzinę	godzina
ojciec	ojciec
ojciec	ojciec
blues	blues
godzinę	godzina
księdza prałata	ksiądz prałat
godzinę	godzina
metra	metr
dziennie	dziennie
pan	pan
dogrywka	dogrywka
mazurskie	mazurskie
tysięcy lat	tysiąc rok
niedziela	niedziela
metrów	metr
sędziemu	sędzia
byłego	były
ojciec	ojciec
imienia świętego	imię święty
miejsce	miejsce
panią	pani
werset	werset
byłego	były
godzinę	godzina
godzinę	godzina
godzinę	godzina
rad.	rad.
ojciec	ojciec
sobota	sobota
naszej ery	naszej ery
dorosłym	dorosły
strona	strona
Kto.	Kto.
województwo	województwo
niedziela	niedziela
godzinę	godzina
litra	litr
dawna	dawny
nie.	nie.
rokiem	rok
grama	gram
serii	seria
jezioro	jezioro
sobota	sobota
pana	pan
Maj.	Maj.
siostra	siostra
dawna	dawny
wewnętrzny	wewnętrzny
godzina	godzina
Pułkownik	pułkownik
mililitr	mililitr
byłego ministra	były minister
koło	koło
sobota	sobota
metrów	metr
pani	pani
miasto	miasto
pana	pan
wieku	wiek
języku angielskim	język angielski
sobota	sobota
metrów	metr
starszego wykładowcy	starszy wykładowca
werset	werset
świętej pamięci mecenasa	świętej pamięci mecenas
do spraw Odry.	do spraw Odry.
przed naszą erą	przed naszą erą
godzinie	godzina
sekundę	sekunda
lał.	lał.
powiat	powiat
były	były
ulica	ulica
ojcu	ojciec
relacja	relacja
panu	pan
wewnętrzny	wewnętrzny
byłej	były
niżej wymienione	niżej wymieniony
pana	pan
pił.	pił.
dziennie	dziennie
dziennie	dziennie
stronie	strona
dziennie	dziennie
z.	z.
piętro	piętro
e.	e.
dziennie	dziennie
dawnej	dawny
sal.	sal.
w sprawie gazu.	w sprawie gazu.
niedziela	niedziela
niedziela	niedziela
godzinę	godzina
metra	metr
zła.	zła.
sobota	sobota
pan	pan
pani	pani
tonę	tona
siostra	siostra
ców.	ców.
ojciec	ojciec
rp.pl.  komendant	rp.pl.  komendant
pana	pan
meczów	mecz
nauk	nauka
tłumaczenie J.	tłumaczenie J.
godzinę	godzina
dawna	dawny
Chrystusem	Chrystus
doktora habilitowanego	doktor habilitowany
niedziela	niedziela
wieku	wiek
gać.	gać.
ojciec	ojciec
ojca	ojciec
Dnia	dzień
nić.	nić.
wieku	wiek
panem	pan
c.	c.
byłym	były
byłym	były
łyk.	łyk.
stron	strona
miasto	miasto
godzina	godzina
roku D.	rok D.
wieku	wiek
wad.	wad.
łuk.	łuk.
ojca	ojciec
ojca	ojciec
miasto	miasto
niedziela	niedziela
węzłem	węzeł
punktów	punkt
strona	strona
mieszkania	mieszkanie
toł.	toł.
Telefon komórkowy	telefon komórkowy
pod wezwaniem	pod wezwaniem
wieku	wiek
sobota	sobota
sobota	sobota
roku	rok
tonę	tona
tysięca metrów kwadratowych biur.	tysiąc metr kwadratowy biur.
Mag.	Mag.
z.	z.
dawniej	dawniej
sęp.	
u.  telefon	u.  telefon
pani	pani
mieście	miasto
sobota	sobota
nauk	nauka
pan	pan
miejsce	miejsce
godzinę	godzina
panu	pan
panu	pan
baryłkę	baryłka
paragraf	paragraf
ojca	ojciec
jaj.	jaj.
niedziela	niedziela
przez	przez
ojcem	ojciec
tonę	tona
do spraw dróg.	do spraw dróg.
u.	u.
roku przed naszą erą	rok przed naszą erą
ojca	ojciec
panu	pan
tonę	tona
środa	środa
wąs.	wąs.
pa.	pa.
strony	strona
ograniczoną	ograniczony
sobota	sobota
ojca	ojciec
metrów	metr
wieku	wiek
strona	strona
ton	tona
c.	c.
metra	metr
miesiąca	miesiąc
godzina	godzina
dawniej	dawniej
dziennie	dziennie
c.	c.
pów.	pów.
mieszkania	mieszkanie
byłej	były
pana	pan
sobota	sobota
metra	metr
godzina	godzina
ojciec	ojciec
punktu bazowego	punkt bazowy
do spraw	do spraw
Północna	północny
wieku	wiek
strona	strona
dziennie	dziennie
godzina	godzina
dawnego	dawny
e.	e.
starszy szeregowy rezerwy	starszy szeregowy rezerwa
godzina	godzina
metra	metr
godzina	godzina
godzina	godzina
mieście	miasto
dób.	dób.
sto.	sto.
Nix.	Nix.
były	były
do spraw	do spraw
panów	pan
ulicy	ulica
Fotografia	fotografia
fotografia D.	fotografia D.
wewnętrzny	wewnętrzny
za.	za.
wewnętrzny	wewnętrzny
mię.	mię.
Hag.	Hag.
wieku	wiek
ojca	ojciec
metrów	metr
około tysiąca	około tysiąc
dawny	dawny
a.	a.
Dziennik Ustaw	dziennik ustaw
Wyr.	Wyr.
złe.	złe.
wieku	wiek
tom.	tom.
ojciec	ojciec
TiG.	TiG.
były	były
for.	for.
telefonu	telefon
kwartału	kwartał
kwartału	kwartał
węzeł	węzeł
mieście	miasto
win.	win.
poniedziałek	poniedziałek
tysięcy punktów	tysiąc punkt
godzinę	godzina
tom	tom
około	około
ł.	ł.
miejsce	miejsce
Axe.	Axe.
ojciec	ojciec
Kur.	Kur.
imienia Błogosławionego E.	imię błogosławiony E.
kę.	kę.
Junior	junior
prawnej	prawny
godzina	godzina
ojca	ojciec
sędzia; sędziował	sędzia; sędziować
godzina	godzina
księdza	ksiądz
Ady.	Ady.
godzina	godzina
ger.	ger.
strony	strona
metra	metr
ojca	ojciec
ojciec	ojciec
ulicy	ulica
sala	sala
metrów	metr
tonę	tona
niedziela	niedziela
godzinę	godzina
punkcie; paragrafie	punkt; paragraf
sekundę	sekunda
c.	c.
rondzie	rondo
miejsce	miejsce
miejsce	miejsce
godzinę	godzina
pojemność	pojemność
tysięcy kont.	tysiąc kont.
godzinę	godzina
siostra	siostra
niedziela	niedziela
niedziela	niedziela
meczów	mecz
godzinę	godzina
Cię.	Cię.
Chrystusem	Chrystus
metrach	metr
ojca	ojciec
przeciwko	przeciwko
godzinę	godzina
tę.	tę.
telefon wewnętrzny	telefon wewnętrzny
siostra	siostra
film	film
litrów	litr
do spraw	do spraw
pana	pan
były	były
ojciec	ojciec
byłego	były
wersety	werset
cin.	cin.
generał porucznik	generał porucznik
Mer.	Mer.
litra	litr
panią	pani
metr	metr
co.uk.	co.uk.
środa	środa
matka	matka
były	były
były	były
siostra	siostra
fotografia D.	fotografia D.
generał dywizji pilot	generał dywizji pilot
wewnętrzny	wewnętrzny
między innymi USA.	między innymi USA.
sobota	sobota
metra	metr
byli	były
Nim.	Nim.
sekundy	sekunda
ojciec	ojciec
stronach	strona
wiekiem	wiek
godzinę	godzina
żle.	żle.
godzina	godzina
tonę	tona
kategoria wagowa	kategoria wagowa
nad	nad
generalny inspektor	generalny inspektor
z.	z.
dotyczy między innymi	dotyczyć między innymi
koło	koło
cud.	cud.
celsjusza	celsiusz
porównaj święty	porównać święty
niedziela	niedziela
baryłkę	baryłka
były	były
środa	środa
i.	i.
gaz.	gaz.
ład.	ład.
ulicy świętego	ulica święty
Ata.	Ata.
godzin	godzina
litrów	litr
metrze	metr
niedziela	niedziela
Sny.	Sny.
imienia księdza profesora	imię ksiądz profesor
baryłkę	baryłka
niedziela	niedziela
centralnego	centralny
Po.	Po.
kwartału	kwartał
też	też
ule.	ule.
wieku	wiek
godzinę	godzina
ojciec	ojciec
imienia biskupa	imię biskup
ojca	ojciec
Nic.	Nic.
sań.	sań.
były	były
tysięcy koni	tysiąc koni
ojca	ojciec
godzinę	godzina
spe.	spe.
stopnia Celsjusza	stopień Celsjusz
ojciec	ojciec
d.	d.
articulus; article	articulus; article
pan	pan
Mu.	Mu.
w sprawie	w sprawie
vu.	vu.
punktów procentowych	punkt procentowy
hai.	hai.
Zło.	Zło.
wsi.	wsi.
litrów	litr
mieście	miasto
wiekiem	wiek
Między innymi	między innymi
pages	page
około	około
godzinę	godzina
dawnej	dawny
dawniej	dawniej
sąd.	sąd.
ojca	ojciec
środa	środa
gif.	gif.
metra	metr
doktora nauk medycznych	doktor nauki medyczne
godzinę	godzina
południowa	południowy
konkurencyjnej	konkurencyjny
na przykład pułkownik	na przykład pułkownik
kilobajtów na sekundę	kilobajt sekunda
wsi	wieś
metrów	metr
grą.	grą.
metra	metr
siostra	siostra
fan.	fan.
strony	strona
niedziela	niedziela
oddział	oddział
stopnia	stopień
między innymi profesor	między innymi profesor
en.	en.
pana	pan
roku życia	rok życie
pani	pani
nut.	nut.
zły.	zły.
wieś [?]	
nad poziomem terenu	nad poziomem terenu
meczów	mecz
metr kwadratowy Około	metr kwadratowy około
aleję	aleja
Zet.	Zet.
c.	c.
decymetrów	decymetr
pal.	pal.
dawnego	dawny
koło	koło
pył.	pył.
dawne	dawny
a.	a.
See.	See.
ustęp	ustęp
most	most
doktora habilitowanego nauk medycznych	doktor habilitowany nauki medyczne
niedziela	niedziela
niedziela	niedziela
żył.	żył.
wieku	wiek
tonę	tona
tonę	tona
tonę	tona
domu	dom
siostra	siostra
metra	metr
w sprawie T.	w sprawie T.
wieku	wiek
tonę	tona
fotografia archiwalna	fotografia archiwalna
a.	a.
z.	z.
Boy.	Boy.
godzina	godzina
metry	metr
punktu	punkt
byli	były
sobota	sobota
ojciec	ojciec
koło	koło
gif.	gif.
węzeł	węzeł
roku kardynał	rok kardynał
metr	metr
niedziela	niedziela
to jest na przykład	to jest na przykład
był	być
to.	to.
tysięcy kilogramów	tysiąc kilogram
ojciec	ojciec
pani	pani
pani	pani
pułkownika	pułkownik
versus	versus
sobota	sobota
dawniej	dawniej
wsi [?]	
i tak dalej	i tak dalej
dawnym	dawny
pana	pan
w.	w.
dotyczącego PKB.	dotyczyć PKB.
węzeł	węzeł
Hmm.	Hmm.
siostry	siostra
strona	strona
wieku	wiek
środa	środa
stronach	strona
na przykład pani	na przykład pan
dawnej	dawny
kategoria wagowa	kategoria wagowa
opłata	opłata
ojca	ojciec
sztuk	sztuka
w.	w.
wewnętrzny	wewnętrzny
byłej	były
panem	pan
godzina	godzina
roku	rok
strony	strona
i.	i.
zeszyt	zeszyt
doktora nauk medycznych	doktor nauki medyczne
Majora	major
ana.	ana.
ge.	ge.
przeciw	przeciw
stopni Celsiusza	stopień Celsiusz
środa	środa
sekundę	sekunda
ojciec	ojciec
GiA.	GiA.
zeszyt	zeszyt
strona	strona
strona	strona
strona	strona
liczba	liczba
bo.	bo.
a.	a.
metrów	metr
